
-- Insert Topics with explicit IDs
INSERT INTO app_topic (id, name, description) VALUES
(10, 'Biology', 'Biology related questions'),
(11, 'Chemistry', 'Chemistry related questions'),
(12, 'Physics', 'Physics related questions');


-- Insert Biology Questions with explicit IDs
INSERT INTO app_question (id, topic_id, text, marks) VALUES
(101, 10, 'What is the powerhouse of the cell?', 1),
(102, 10, 'What is the process by which plants make their own food?', 1),
(103, 10, 'Which part of the human brain controls coordination and balance?', 1),
(104, 10, 'What is the function of red blood cells in the human body?', 1),
(105, 10, 'What is the largest organ in the human body?', 1),
(106, 10, 'Which gas do humans inhale during respiration?', 1),
(107, 10, 'What is the scientific term for the study of fungi?', 1),
(108, 10, 'What type of reproduction requires only one parent?', 1),
(109, 10, 'What is the name of the pigment that gives plants their green color?', 1),
(110, 10, 'What is the main function of the ribosome in a cell?', 1),
(111, 10, 'Which human organ filters waste from the blood to form urine?', 1),
(112, 10, 'What is the process of water movement through a semi-permeable membrane called?', 1),
(113, 10, 'What type of blood vessel carries blood away from the heart?', 1),
(114, 10, 'Which organ in the body produces insulin?', 1),
(115, 10, 'What is the smallest unit of life?', 1),
(116, 10, 'What is the name of the male reproductive organ in a flower?', 1),
(117, 10, 'Which part of the digestive system absorbs most of the nutrients?', 1),
(118, 10, 'What is the main function of white blood cells?', 1),
(119, 10, 'What is the process by which organisms change over time through natural selection?', 1),
(120, 10, 'What is the name of the protein that speeds up chemical reactions in the body?', 1);

-- Insert Chemistry Questions with explicit IDs
INSERT INTO app_question (id, topic_id, text, marks) VALUES
(201, 11, 'What is the chemical symbol for gold?', 1),
(202, 11, 'Which element is found in all organic compounds?', 1),
(203, 11, 'What is the pH of pure water?', 1),
(204, 11, 'What type of bond is formed when two atoms share electrons?', 1),
(205, 11, 'What is the chemical formula for table salt?', 1),
(206, 11, 'Which gas is produced when an acid reacts with a metal?', 1),
(207, 11, 'What is the most abundant gas in Earth''s atmosphere?', 1),
(208, 11, 'What is the name of the process in which a solid turns directly into a gas?', 1),
(209, 11, 'What is the atomic number of oxygen?', 1),
(210, 11, 'What type of reaction occurs when a fuel reacts with oxygen to produce heat and light?', 1),
(211, 11, 'What is the name of the horizontal rows in the periodic table?', 1),
(212, 11, 'Which element is a liquid at room temperature?', 1),
(213, 11, 'What is the main gas found in fizzy drinks?', 1),
(214, 11, 'What is the term for a substance that speeds up a chemical reaction without being consumed?', 1),
(215, 11, 'What is the common name for dihydrogen monoxide?', 1),
(216, 11, 'What is the hardest naturally occurring mineral?', 1),
(217, 11, 'Which element is responsible for making bananas radioactive?', 1),
(218, 11, 'What is the chemical symbol for mercury?', 1),
(219, 11, 'What is the process of breaking down a compound into its elements using electricity?', 1),
(220, 11, 'What is the name of the reaction when an acid and a base neutralize each other?', 1);

-- Insert Physics Questions with explicit IDs
INSERT INTO app_question (id, topic_id, text, marks) VALUES
(301, 12, 'What is the unit of force?', 1),
(302, 12, 'What is the acceleration due to gravity on Earth?', 1),
(303, 12, 'What type of energy is stored in a stretched rubber band?', 1),
(304, 12, 'What is the speed of light in a vacuum?', 1),
(305, 12, 'What is Newton’s Third Law of Motion?', 1),
(306, 12, 'What is the SI unit of power?', 1),
(307, 12, 'What type of lens is used in a magnifying glass?', 1),
(308, 12, 'What is the resistance of a conductor measured in?', 1),
(309, 12, 'Which force keeps planets in orbit around the sun?', 1),
(310, 12, 'What is the formula for kinetic energy?', 1),
(311, 12, 'What happens to the frequency of a wave as its wavelength increases?', 1),
(312, 12, 'What is the name of the phenomenon when light bends as it passes from one medium to another?', 1),
(313, 12, 'Which subatomic particle has a negative charge?', 1),
(314, 12, 'What type of circuit has only one path for current to flow?', 1),
(315, 12, 'What is the SI unit of charge?', 1),
(316, 12, 'What is the term for the bending of sound waves due to temperature differences in air?', 1),
(317, 12, 'What is the name of the law that relates voltage, current, and resistance?', 1),
(318, 12, 'What is the name of the force that opposes motion between two surfaces?', 1),
(319, 12, 'What is the unit of frequency?', 1),
(320, 12, 'What is the name for the energy stored in an object due to its height above the ground?', 1);



-- Insert Biology Options with explicit IDs
INSERT INTO app_option (id, question_id, text, is_correct) VALUES
(1001, 101, 'Nucleus', FALSE),
(1002, 101, 'Ribosome', FALSE),
(1003, 101, 'Mitochondria', TRUE),
(1004, 101, 'Chloroplast', FALSE),
(1005, 102, 'Respiration', FALSE),
(1006, 102, 'Photosynthesis', TRUE),
(1007, 102, 'Fermentation', FALSE),
(1008, 102, 'Digestion', FALSE),
(1009, 103, 'Cerebrum', FALSE),
(1010, 103, 'Cerebellum', TRUE),
(1011, 103, 'Medulla', FALSE),
(1012, 103, 'Hypothalamus', FALSE),
(1013, 104, 'Transport oxygen', TRUE),
(1014, 104, 'Fight infection', FALSE),
(1015, 104, 'Produce energy', FALSE),
(1016, 104, 'Regulate temperature', FALSE),
(1017, 105, 'Heart', FALSE),
(1018, 105, 'Liver', FALSE),
(1019, 105, 'Skin', TRUE),
(1020, 105, 'Lungs', FALSE),
(1021, 106, 'Oxygen', TRUE),
(1022, 106, 'Carbon dioxide', FALSE),
(1023, 106, 'Nitrogen', FALSE),
(1024, 106, 'Hydrogen', FALSE),
(1025, 107, 'Zoology', FALSE),
(1026, 107, 'Botany', FALSE),
(1027, 107, 'Mycology', TRUE),
(1028, 107, 'Ecology', FALSE),
(1029, 108, 'Sexual', FALSE),
(1030, 108, 'Asexual', TRUE),
(1031, 108, 'Binary fission', FALSE),
(1032, 108, 'Meiosis', FALSE),
(1033, 109, 'Carotene', FALSE),
(1034, 109, 'Chlorophyll', TRUE),
(1035, 109, 'Xanthophyll', FALSE),
(1036, 109, 'Melanin', FALSE),
(1037, 110, 'Energy production', FALSE),
(1038, 110, 'Protein synthesis', TRUE),
(1039, 110, 'Cell division', FALSE),
(1040, 110, 'DNA replication', FALSE),
(1041, 111, 'Liver', FALSE),
(1042, 111, 'Kidney', TRUE),
(1043, 111, 'Stomach', FALSE),
(1044, 111, 'Heart', FALSE),
(1045, 112, 'Diffusion', FALSE),
(1046, 112, 'Osmosis', TRUE),
(1047, 112, 'Filtration', FALSE),
(1048, 112, 'Evaporation', FALSE),
(1049, 113, 'Veins', FALSE),
(1050, 113, 'Arteries', TRUE),
(1051, 113, 'Capillaries', FALSE),
(1052, 113, 'Lymphatic vessels', FALSE),
(1053, 114, 'Liver', FALSE),
(1054, 114, 'Pancreas', TRUE),
(1055, 114, 'Stomach', FALSE),
(1056, 114, 'Kidney', FALSE),
(1057, 115, 'Cell', TRUE),
(1058, 115, 'Atom', FALSE),
(1059, 115, 'Molecule', FALSE),
(1060, 115, 'Organism', FALSE),
(1061, 116, 'Stigma', FALSE),
(1062, 116, 'Anther', TRUE),
(1063, 116, 'Filament', FALSE),
(1064, 116, 'Ovule', FALSE),
(1065, 117, 'Mouth', FALSE),
(1066, 117, 'Stomach', FALSE),
(1067, 117, 'Small intestine', TRUE),
(1068, 117, 'Large intestine', FALSE),
(1069, 118, 'Carry oxygen', FALSE),
(1070, 118, 'Fight infection', TRUE),
(1071, 118, 'Transport hormones', FALSE),
(1072, 118, 'Regulate temperature', FALSE),
(1073, 119, 'Evolution', TRUE),
(1074, 119, 'Mimicry', FALSE),
(1075, 119, 'Adaptation', FALSE),
(1076, 119, 'Mutation', FALSE),
(1077, 120, 'Collagen', FALSE),
(1078, 120, 'Enzyme', TRUE),
(1079, 120, 'Hemoglobin', FALSE),
(1080, 120, 'Keratin', FALSE);

-- Insert Chemistry Options with explicit IDs
INSERT INTO app_option (id, question_id, text, is_correct) VALUES
(2001, 201, 'Au', TRUE),
(2002, 201, 'Ag', FALSE),
(2003, 201, 'Hg', FALSE),
(2004, 201, 'Pb', FALSE),
(2005, 202, 'Oxygen', FALSE),
(2006, 202, 'Carbon', TRUE),
(2007, 202, 'Nitrogen', FALSE),
(2008, 202, 'Hydrogen', FALSE),
(2009, 203, '1', FALSE),
(2010, 203, '7', TRUE),
(2011, 203, '14', FALSE),
(2012, 203, '10', FALSE),
(2013, 204, 'Ionic', FALSE),
(2014, 204, 'Covalent', TRUE),
(2015, 204, 'Hydrogen', FALSE),
(2016, 204, 'Metallic', FALSE),
(2017, 205, 'NaCl', TRUE),
(2018, 205, 'H2O', FALSE),
(2019, 205, 'CO2', FALSE),
(2020, 205, 'NaOH', FALSE),
(2021, 206, 'Oxygen', FALSE),
(2022, 206, 'Nitrogen', FALSE),
(2023, 206, 'Hydrogen', TRUE),
(2024, 206, 'Carbon dioxide', FALSE),
(2025, 207, 'Oxygen', FALSE),
(2026, 207, 'Nitrogen', TRUE),
(2027, 207, 'Carbon dioxide', FALSE),
(2028, 207, 'Helium', FALSE),
(2029, 208, 'Melting', FALSE),
(2030, 208, 'Condensation', FALSE),
(2031, 208, 'Sublimation', TRUE),
(2032, 208, 'Evaporation', FALSE),
(2033, 209, '6', FALSE),
(2034, 209, '8', TRUE),
(2035, 209, '10', FALSE),
(2036, 209, '12', FALSE),
(2037, 210, 'Combustion', TRUE),
(2038, 210, 'Precipitation', FALSE),
(2039, 210, 'Neutralization', FALSE),
(2040, 210, 'Displacement', FALSE),
(2041, 211, 'Groups', FALSE),
(2042, 211, 'Periods', TRUE),
(2043, 211, 'Columns', FALSE),
(2044, 211, 'Families', FALSE),
(2045, 212, 'Mercury', TRUE),
(2046, 212, 'Bromine', FALSE),
(2047, 212, 'Water', FALSE),
(2048, 212, 'Gallium', FALSE),
(2049, 213, 'Oxygen', FALSE),
(2050, 213, 'Carbon dioxide', TRUE),
(2051, 213, 'Nitrogen', FALSE),
(2052, 213, 'Helium', FALSE),
(2053, 214, 'Catalyst', TRUE),
(2054, 214, 'Solvent', FALSE),
(2055, 214, 'Reagent', FALSE),
(2056, 214, 'Buffer', FALSE),
(2057, 215, 'Water', TRUE),
(2058, 215, 'Hydrogen peroxide', FALSE),
(2059, 215, 'Ammonia', FALSE),
(2060, 215, 'Methane', FALSE),
(2061, 216, 'Gold', FALSE),
(2062, 216, 'Diamond', TRUE),
(2063, 216, 'Iron', FALSE),
(2064, 216, 'Quartz', FALSE),
(2065, 217, 'Potassium', TRUE),
(2066, 217, 'Carbon', FALSE),
(2067, 217, 'Radon', FALSE),
(2068, 217, 'Uranium', FALSE),
(2069, 218, 'Hg', TRUE),
(2070, 218, 'Mg', FALSE),
(2071, 218, 'Mn', FALSE),
(2072, 218, 'Mo', FALSE),
(2073, 219, 'Electrolysis', TRUE),
(2074, 219, 'Reduction', FALSE),
(2075, 219, 'Oxidation', FALSE),
(2076, 219, 'Combustion', FALSE),
(2077, 220, 'Displacement', FALSE),
(2078, 220, 'Neutralization', TRUE),
(2079, 220, 'Decomposition', FALSE),
(2080, 220, 'Synthesis', FALSE);

-- Insert Physics Options with explicit IDs
INSERT INTO app_option (id, question_id, text, is_correct) VALUES
(3001, 301, 'Watt', FALSE),
(3002, 301, 'Joule', FALSE),
(3003, 301, 'Newton', TRUE),
(3004, 301, 'Ohm', FALSE),
(3005, 302, '9.8 m/s²', TRUE),
(3006, 302, '10 m/s²', FALSE),
(3007, 302, '15 m/s²', FALSE),
(3008, 302, '20 m/s²', FALSE),
(3009, 303, 'Kinetic', FALSE),
(3010, 303, 'Potential', TRUE),
(3011, 303, 'Chemical', FALSE),
(3012, 303, 'Thermal', FALSE),
(3013, 304, '3 × 10^8 m/s', TRUE),
(3014, 304, '2.99 × 10^8 m/s', FALSE),
(3015, 304, '3.5 × 10^8 m/s', FALSE),
(3016, 304, '2 × 10^8 m/s', FALSE),
(3017, 305, 'For every action, there is an equal and opposite reaction', TRUE),
(3018, 305, 'Force equals mass times acceleration', FALSE),
(3019, 305, 'An object in motion stays in motion', FALSE),
(3020, 305, 'Forces cause objects to move', FALSE),
(3021, 306, 'Joule', FALSE),
(3022, 306, 'Newton', FALSE),
(3023, 306, 'Watt', TRUE),
(3024, 306, 'Volt', FALSE),
(3025, 307, 'Convex', TRUE),
(3026, 307, 'Concave', FALSE),
(3027, 307, 'Planar', FALSE),
(3028, 307, 'Biconcave', FALSE),
(3029, 308, 'Ohms', TRUE),
(3030, 308, 'Watts', FALSE),
(3031, 308, 'Joules', FALSE),
(3032, 308, 'Amperes', FALSE),
(3033, 309, 'Electromagnetic', FALSE),
(3034, 309, 'Gravity', TRUE),
(3035, 309, 'Centrifugal', FALSE),
(3036, 309, 'Friction', FALSE),
(3037, 310, 'E = mc²', FALSE),
(3038, 310, 'E = 1/2 mv²', TRUE),
(3039, 310, 'F = ma', FALSE),
(3040, 310, 'W = Fd', FALSE),
(3041, 311, 'It increases', FALSE),
(3042, 311, 'It decreases', TRUE),
(3043, 311, 'It stays the same', FALSE),
(3044, 311, 'It depends on the amplitude', FALSE),
(3045, 312, 'Refraction', TRUE),
(3046, 312, 'Reflection', FALSE),
(3047, 312, 'Diffraction', FALSE),
(3048, 312, 'Absorption', FALSE),
(3049, 313, 'Proton', FALSE),
(3050, 313, 'Neutron', FALSE),
(3051, 313, 'Electron', TRUE),
(3052, 313, 'Positron', FALSE),
(3053, 314, 'Series', TRUE),
(3054, 314, 'Parallel', FALSE),
(3055, 314, 'Open', FALSE),
(3056, 314, 'Closed', FALSE),
(3057, 315, 'Coulomb', TRUE),
(3058, 315, 'Volt', FALSE),
(3059, 315, 'Ampere', FALSE),
(3060, 315, 'Tesla', FALSE),
(3061, 316, 'Refraction', TRUE),
(3062, 316, 'Diffraction', FALSE),
(3063, 316, 'Doppler effect', FALSE),
(3064, 316, 'Echo', FALSE),
(3065, 317, 'Ohm''s Law', TRUE),
(3066, 317, 'Faraday''s Law', FALSE),
(3067, 317, 'Coulomb''s Law', FALSE),
(3068, 317, 'Kirchhoff''s Law', FALSE),
(3069, 318, 'Friction', TRUE),
(3070, 318, 'Gravity', FALSE),
(3071, 318, 'Tension', FALSE),
(3072, 318, 'Normal force', FALSE),
(3073, 319, 'Hertz', TRUE),
(3074, 319, 'Ampere', FALSE),
(3075, 319, 'Volt', FALSE),
(3076, 319, 'Newton', FALSE),
(3077, 320, 'Kinetic energy', FALSE),
(3078, 320, 'Thermal energy', FALSE),
(3079, 320, 'Gravitational potential energy', TRUE),
(3080, 320, 'Elastic potential energy', FALSE);